trial id,vial id,obs start time,mating start time ,mated male colour,mating end time ,mated male id,mated male pop,female id,female pop,mating latency ,mating duration 
1,1,9:40,9:45,blue ,9:56,C1,C,C1,C,5,11
1,2,9:38,9:42,blue ,9:47,C1,C,A1,A,4,5
1,3,9:39,9:42,blue ,9:57,C1,C,C1,C,3,15
1,4,9:38,9:44,blue ,9:56,C1,C,A1,A,6,12
1,5,9:39,9:45,red,9:53,A1,A,C1,C,6,8
1,6,9:38,9:46,blue ,9:59,C1,C,A1,A,8,13
1,7,9:38,9:49,blue ,10:07,C1,C,C1,C,11,18
1,8,9:37,9:45,blue ,10:06,C1,C,A1,A,8,21
1,9,9:39,10:02,blue,10:16,C1,C,C1,C,23,14
1,10,9:39,9:45,red,10:02,A1,A,A1,A,6,17
1,11,9:40,9:54,blue ,10:09,C1,C,C1,C,14,15
1,12,9:38,9:44,blue ,9:58,C1,C,A1,A,6,14
1,13,9:40,9:41,red,9:52,A1,A,C1,C,1,11
1,14,9:38,9:45,blue,10:00,C1,C,A1,A,7,15
1,15,9:38,9:39,red,10:03,A1,A,C1,C,1,24
1,16,9:50,9:54,red,10:10,A1,A,A1,A,4,16
1,17,9:48,NA,NA,NA,NA,NA,C1,C,NA,NA
1,18,9:47,9:55,red,10:09,A1,A,A1,A,8,14
1,19,9:47,9:52,blue ,10:12,C1,C,C1,C,5,20
1,20,9:51,9:57,red,10:07,A1,A,A1,A,6,10
1,21,9:48,9:52,red,10:10,A1,A,C1,C,4,18
1,22,9:46,10:25,red,10:43,A1,A,A1,A,39,18
1,23,9:50,10:02,blue ,10:18,C1,C,C1,C,12,16
1,24,9:48,10:06,red,10:20,A1,A,A1,A,18,14
1,25,9:50,9:55,blue ,10:10,C1,C,C1,C,5,15
1,26,9:51,9:54,blue ,10:04,C1,C,A1,A,3,10
1,27,9:50,9:55,blue ,10:11,C1,C,C1,C,5,16
1,28,9:46,9:56,red,10:12,A1,A,A1,A,10,16
1,29,9:50,9:56,blue,10:12,C1,C,C1,C,6,16
1,30,9:48,NA,NA,NA,NA,NA,A1,A,NA,NA
1,31,9:58,10:03,blue ,10:24,C1,C,C1,C,5,21
1,32,9:59,10:06,blue,10:22,C1,C,A1,A,7,16
1,33,9:58,10:01,red,10:21,A1,A,C1,C,3,20
1,34,9:58,10:03,red,10:14,A1,A,A1,A,5,11
1,35,9:58,10:01,blue ,10:19,C1,C,C1,C,3,18
1,36,10:00,10:08,red,10:23,A1,A,A1,A,8,15
1,37,9:59,10:06,blue ,10:23,C1,C,C1,C,7,17
1,38,9:58,10:06,blue ,10:21,C1,C,A1,A,8,15
1,39,9:58,10:05,blue ,10:23,C1,C,C1,C,7,18
1,40,9:58,10:03,blue ,10:14,C1,C,A1,A,5,11
1,41,10:06,10:11,blue ,10:21,C1,C,C1,C,5,10
1,42,10:06,NA,NA,NA,NA,NA,A1,A,NA,NA
1,43,10:06,10:14,blue ,10:32,C1,C,C1,C,8,18
1,44,10:06,10:16,blue,10:32,C1,C,A1,A,10,16
1,45,10:05,10:06,red,10:21,A1,A,C1,C,1,15
1,46,10:06,10:15,red,10:34,A1,A,A1,A,9,19
1,47,10:05,10:08,blue ,10:22,C1,C,C1,C,3,14
1,48,10:06,10:12,blue ,10:21,C1,C,A1,A,6,9
1,49,10:05,10:14,blue ,10:29,C1,C,C1,C,9,15
1,50,10:06,10:15,blue,10:26,C1,C,A1,A,9,11
1,51,10:23,10:26,blue,10:44,A1,A,C1,C,3,18
1,52,10:25,10:34,blue ,10:49,A1,A,A1,A,9,15
1,53,10:22,11:04,blue ,11:20,A1,A,C1,C,42,16
1,54,10:24,10:45,blue,10:58,A1,A,A1,A,21,13
1,55,10:24,10:32,blue,10:50,A1,A,C1,C,8,18
1,56,10:25,10:38,red,10:47,C1,C,A1,A,13,9
1,57,10:22,10:23,red,10:36,C1,C,C1,C,1,13
1,58,10:24,10:31,red,10:50,C1,C,A1,A,7,19
1,59,10:24,10:28,red,10:41,C1,C,C1,C,4,13
1,60,10:32,10:42,red,10:57,C1,C,A1,A,10,15
1,61,10:22,10:26,blue,10:40,A1,A,C1,C,4,14
1,62,10:25,NA,NA,NA,NA,NA,A1,A,NA,NA
1,63,10:23,10:28,red,10:47,C1,C,C1,C,5,19
1,64,10:25,10:29,red,10:40,C1,C,A1,A,4,11
1,65,10:23,10:38,red,10:52,C1,C,C1,C,15,14
1,66,10:23,10:38,red,10:55,C1,C,A1,A,15,17
1,67,10:31,10:35,red,10:48,C1,C,C1,C,4,13
1,68,10:32,10:38,red,10:50,C1,C,A1,A,6,12
1,69,10:32,10:34,red,10:48,C1,C,C1,C,2,14
1,70,10:31,10:46,blue,11:00,A1,A,A1,A,15,14
1,71,10:32,10:48,blue,11:06,A1,A,C1,C,16,18
1,72,10:33,10:42,red,10:56,C1,C,A1,A,9,14
1,73,10:31,10:41,blue,11:08,A1,A,C1,C,10,27
1,74,10:30,10:53,blue ,11:06,A1,A,A1,A,23,13
1,75,10:30,10:42,red,10:48,C1,C,C1,C,12,6
1,76,10:31,10:37,red,10:51,C1,C,A1,A,6,14
1,77,10:30,10:44,red,11:00,C1,C,C1,C,14,16
1,78,10:31,10:34,red,10:49,C1,C,A1,A,3,15
1,79,10:30,10:37,red,10:53,C1,C,C1,C,7,16
1,80,10:32,10:48,blue,11:01,A1,A,A1,A,16,13
1,81,10:54,11:08,red,11:21,C1,C,C1,C,14,13
1,82,10:55,11:03,blue ,11:14,A1,A,A1,A,8,11
1,83,10:40,10:43,red,11:00,C1,C,C1,C,3,17
1,84,10:44,11:03,blue ,11:22,A1,A,A1,A,19,19
1,85,10:52,11:01,blue,11:17,A1,A,C1,C,9,16
1,86,10:40,10:47,red,10:56,C1,C,A1,A,7,9
1,87,10:40,10:54,red,11:06,C1,C,C1,C,14,12
1,88,10:41,10:48,red,10:57,C1,C,A1,A,7,9
1,89,10:52,11:28,blue,11:43,A1,A,C1,C,36,15
1,90,10:41,10:49,blue ,11:01,A1,A,A1,A,8,12
1,91,10:45,10:59,red,11:14,C1,C,C1,C,14,15
1,92,10:39,10:42,red,10:56,C1,C,A1,A,3,14
1,93,10:41,10:50,red,11:04,C1,C,C1,C,9,14
1,94,10:44,11:14,red,11:29,C1,C,A1,A,30,15
1,95,10:39,10:47,red,10:59,C1,C,C1,C,8,12
1,96,10:40,10:45,blue ,10:59,A1,A,A1,A,5,14
1,97,10:40,10:58,red,11:19,C1,C,C1,C,18,21
1,98,11:55,11:03,blue,11:21,A1,A,A1,A,NA,18
1,99,10:40,10:43,blue ,11:02,A1,A,C1,C,3,19
1,100,10:54,10:56,red,11:04,A1,A,A1,A,2,8
1,101,11:06,11:20,blue,11:34,C3,C,C3,C,14,14
1,102,11:06,11:20,blue,11:29,C3,C,A3,A,14,9
1,103,11:04,11:13,red,11:24,A3,A,C3,C,9,11
1,104,11:04,11:28,red,11:42,A3,A,A3,A,24,14
1,105,11:06,11:12,blue ,11:30,C3,C,C3,C,6,18
1,106,11:05,11:08,blue,11:24,C3,C,A3,A,3,16
1,107,11:03,11:10,red,11:25,A3,A,C3,C,7,15
1,108,11:03,11:06,blue ,11:18,C3,C,A3,A,3,12
1,109,11:04,11:13,blue,11:36,C3,C,C3,C,9,23
1,110,11:06,11:17,red,11:30,A3,A,A3,A,11,13
1,111,11:04,11:08,blue,11:26,C3,C,C3,C,4,18
1,112,11:01,11:07,blue,11:22,C3,C,A3,A,6,15
1,113,11:03,11:24,blue ,11:42,C3,C,C3,C,21,18
1,114,11:02,11:20,red,11:31,A3,A,A3,A,18,11
1,115,11:04,11:12,blue,11:31,C3,C,C3,C,8,19
1,116,11:24,11:29,red,11:41,A3,A,A3,A,5,12
1,117,11:11,11:39,blue ,11:56,C3,C,C3,C,28,17
1,118,11:13,11:21,red,11:40,A3,A,A3,A,8,19
1,119,11:12,11:16,blue,11:32,C3,C,C3,C,4,16
1,120,11:14,11:17,blue ,11:32,C3,C,A3,A,3,15
1,121,11:14,11:22,red,11:35,A3,A,C3,C,8,13
1,122,11:13,11:16,red,11:31,A3,A,A3,A,3,15
1,123,11:12,11:17,blue ,11:33,C3,C,C3,C,5,16
1,124,11:13,11:41,red,11:53,A3,A,A3,A,28,12
1,125,11:12,11:34,blue,11:52,C3,C,C3,C,22,18
1,126,11:13,11:20,red,11:29,A3,A,A3,A,7,9
1,127,11:12,11:21,blue,11:40,C3,C,C3,C,9,19
1,128,11:13,11:26,blue ,11:40,C3,C,A3,A,13,14
1,129,11:12,11:20,red,11:32,A3,A,C3,C,8,12
1,130,11:12,NA,NA,NA,NA,NA,A3,A,NA,NA
1,131,11:26,11:33,blue ,11:36,C3,C,C3,C,7,3
1,132,11:33,11:48,blue,11:59,C3,C,A3,A,15,11
1,133,11:25,11:43,blue,12:04,C3,C,C3,C,18,21
1,134,11:21,11:30,red,11:45,A3,A,A3,A,9,15
1,135,11:32,11:44,blue,12:05,C3,C,C3,C,12,21
1,136,11:24,11:31,red,11:43,A3,A,A3,A,7,12
1,137,11:23,11:31,blue ,11:48,C3,C,C3,C,8,17
1,138,11:32,12:06,blue ,12:24,C3,C,A3,A,34,18
1,139,11:24,11:34,blue,11:53,C3,C,C3,C,10,19
1,140,11:22,11:29,blue,11:47,C3,C,A3,A,7,18
1,141,11:23,11:32,blue ,11:47,C3,C,C3,C,9,15
1,142,11:23,11:26,blue ,11:41,C3,C,A3,A,3,15
1,143,11:22,11:33,blue,11:53,C3,C,C3,C,11,20
1,144,11:25,11:28,blue ,11:42,C3,C,A3,A,3,14
1,145,11:25,11:35,blue ,11:49,C3,C,C3,C,10,14
1,146,11:31,11:56,blue ,12:10,C3,C,A3,A,25,14
1,147,11:33,11:43,blue ,12:05,C3,C,C3,C,10,22
1,148,11:31,11:38,red,11:53,A3,A,A3,A,7,15
1,149,11:31,11:39,blue ,11:48,C3,C,C3,C,8,9
1,150,11:33,11:51,red,12:13,A3,A,A3,A,18,22
1,151,11:49,11:56,blue,12:07,A3,A,C3,C,7,11
1,152,11:50,12:39,blue ,12:51,A3,A,A3,A,49,12
1,153,11:50,11:53,red,12:08,C3,C,C3,C,3,15
1,154,11:50,12:18,red,12:32,C3,C,A3,A,28,14
1,155,11:47,12:02,blue,12:14,A3,A,C3,C,15,12
1,156,11:51,11:59,red,12:09,C3,C,A3,A,8,10
1,157,11:48,11:56,red,12:14,C3,C,C3,C,8,18
1,158,11:48,11:52,red,12:10,C3,C,A3,A,4,18
1,159,11:47,12:07,blue ,12:19,A3,A,C3,C,20,12
1,160,11:50,NA,NA,NA,NA,NA,A3,A,NA,NA
1,161,11:48,11:53,blue ,12:06,A3,A,C3,C,5,13
1,162,11:48,11:58,red,12:18,C3,C,A3,A,10,20
1,163,11:48,11:55,blue ,12:06,A3,A,C3,C,7,11
1,164,11:49,11:52,red,12:07,C3,C,A3,A,3,15
1,165,11:48,11:55,red,12:11,C3,C,C3,C,7,16
1,166,11:59,12:21,red,12:40,C3,C,A3,A,22,19
1,167,11:57,12:03,red,12:17,C3,C,C3,C,6,14
1,168,11:58,12:15,blue ,12:28,A3,A,A3,A,17,13
1,169,11:57,12:14,blue ,12:32,A3,A,C3,C,17,18
1,170,11:59,NA,NA,NA,NA,NA,A3,A,NA,NA
1,171,11:56,12:08,blue ,12:21,A3,A,C3,C,12,13
1,172,11:58,12:12,red,12:27,C3,C,A3,A,14,15
1,173,11:57,12:03,red,12:20,C3,C,C3,C,6,17
1,174,11:57,12:11,red,12:25,C3,C,A3,A,14,14
1,175,11:57,12:07,blue,12:21,A3,A,C3,C,10,14
1,176,11:57,12:00,red,12:15,C3,C,A3,A,3,15
1,177,11:56,12:05,red,12:24,C3,C,C3,C,9,19
1,178,12:06,12:09,blue ,12:22,A3,A,A3,A,3,13
1,179,11:56,12:12,blue,12:25,A3,A,C3,C,16,13
1,180,11:59,12:25,blue,12:36,A3,A,A3,A,26,11
1,181,12:04,12:29,red,12:42,C3,C,C3,C,25,13
1,182,12:11,12:17,red,12:31,C3,C,A3,A,6,14
1,183,12:03,12:12,red,12:34,C3,C,C3,C,9,22
1,184,12:07,12:14,blue,12:30,A3,A,A3,A,7,16
1,185,12:03,12:09,red,12:23,C3,C,C3,C,6,14
1,186,12:07,NA,NA,NA,NA,NA,A3,A,NA,NA
1,187,12:05,12:08,red,12:28,C3,C,C3,C,3,20
1,188,12:06,12:09,blue,12:20,A3,A,A3,A,3,11
1,189,12:04,12:20,red,12:41,C3,C,C3,C,16,21
1,190,12:06,12:15,blue ,12:23,A3,A,A3,A,9,8
1,191,12:03,1:04,blue,1:20,A3,A,C3,C,NA,16
1,192,12:06,12:15,blue,12:29,A3,A,A3,A,9,14
1,193,12:04,12:16,red,12:27,C3,C,C3,C,12,11
1,194,0:05,0:46,blue,1:02,A3,A,A3,A,41,16
1,196,NA,NA,NA,NA,NA,NA,C3,C,NA,NA
1,195,12:03,12:19,blue ,12:28,A3,A,A3,A,16,9
1,197,12:11,12:35,red,12:51,C3,C,C3,C,24,16
1,198,12:13,12:16,blue ,12:31,A3,A,A3,A,3,15
1,199,12:12,12:16,red,12:36,C3,C,C3,C,4,20
1,200,12:14,12:19,red,12:37,C3,C,A3,A,5,18
1,201,12:20,12:34,blue ,12:54,C5,C,C5,C,14,20
1,202,12:20,12:25,blue ,12:38,C5,C,A5,A,5,13
1,203,12:23,12:26,blue,12:41,C5,C,C5,C,3,15
1,204,12:21,1:16,red,1:30,A5,A,A5,A,NA,14
1,205,12:24,12:35,blue,12:51,C5,C,C5,C,11,16
1,206,12:21,12:30,red,12:34,A5,A,A5,A,9,4
1,207,12:23,12:30,red,12:44,A5,A,C5,C,7,14
1,208,0:21,0:40,blue ,1:00,C5,C,A5,A,19,20
1,209,12:25,12:37,blue ,12:47,C5,C,C5,C,12,10
1,210,12:22,12:36,red,12:51,A5,A,A5,A,14,15
1,211,12:32,12:36,red,13:02,A5,A,C5,C,4,26
1,212,12:21,12:31,blue,12:49,C5,C,A5,A,10,18
1,213,12:22,12:37,red,12:56,A5,A,C5,C,15,19
1,214,12:21,12:31,red,12:41,A5,A,A5,A,10,10
1,215,12:23,12:25,blue,12:42,C5,C,C5,C,2,17
1,216,12:31,12:46,red,13:02,A5,A,A5,A,15,16
1,217,12:34,12:49,blue ,12:52,C5,C,C5,C,15,3
1,218,12:31,12:34,red,12:44,A5,A,A5,A,3,10
1,219,12:32,12:47,blue,13:06,C5,C,C5,C,15,19
1,220,12:30,1:27,blue ,1:44,C5,C,A5,A,NA,17
1,221,12:33,12:34,blue ,12:54,C5,C,C5,C,1,20
1,222,12:31,12:36,red,12:58,A5,A,A5,A,5,22
1,223,12:44,12:50,blue ,13:02,C5,C,C5,C,6,12
1,224,12:28,12:33,blue ,12:44,C5,C,A5,A,5,11
1,225,12:44,12:52,blue ,13:06,C5,C,C5,C,8,14
1,226,12:32,12:39,blue,12:52,C5,C,A5,A,7,13
1,227,12:43,12:47,blue,13:01,C5,C,C5,C,4,14
1,228,12:29,NA,NA,NA,NA,NA,A5,A,NA,NA
1,229,12:30,12:38,blue,12:53,C5,C,C5,C,8,15
1,230,12:32,12:40,red,12:54,A5,A,A5,A,8,14
1,231,12:50,12:54,blue,13:09,C5,C,C5,C,4,15
1,232,12:42,12:50,red,13:00,A5,A,A5,A,8,10
1,233,12:43,12:50,blue,13:09,C5,C,C5,C,7,19
1,234,12:43,1:09,red,13:33,A5,A,A5,A,NA,24
1,235,12:43,12:54,red,13:03,A5,A,C5,C,11,9
1,236,12:42,12:49,red,13:02,A5,A,A5,A,7,13
1,237,12:41,12:56,blue ,13:14,C5,C,C5,C,15,18
1,238,12:43,12:55,blue ,13:09,C5,C,A5,A,12,14
1,239,12:42,12:46,blue ,13:03,C5,C,C5,C,4,17
1,240,12:39,12:49,blue ,12:59,C5,C,A5,A,10,10
1,241,12:45,1:41,blue,13:59,C5,C,C5,C,NA,18
1,242,12:42,12:52,blue,13:08,C5,C,A5,A,10,16
1,243,12:50,1:33,blue ,1:50,C5,C,C5,C,NA,17
1,244,12:39,12:46,red,13:01,A5,A,A5,A,7,15
1,245,12:50,12:55,blue ,13:11,C5,C,C5,C,5,16
1,246,12:49,12:54,blue,13:06,C5,C,A5,A,5,12
1,247,12:50,12:59,blue ,13:17,C5,C,C5,C,9,18
1,248,12:50,12:58,red,13:14,A5,A,A5,A,8,16
1,249,NA,NA,NA,NA,NA,NA,C5,C,NA,NA
1,250,12:49,12:55,red,13:05,A5,A,A5,A,6,10
1,251,2:16,3:08,blue,3:09,A5,A,C5,C,52,1
1,252,2:18,2:39,blue,2:58,A5,A,A5,A,21,19
1,253,2:16,2:30,blue,2:47,A5,A,C5,C,14,17
1,254,2:18,2:21,blue ,2:35,A5,A,A5,A,3,14
1,255,2:17,2:46,blue ,2:59,A5,A,C5,C,29,13
1,256,2:18,2:25,red,2:38,C5,C,A5,A,7,13
1,257,2:16,2:23,red,2:37,C5,C,C5,C,7,14
1,258,2:18,2:29,red,2:44,C5,C,A5,A,11,15
1,259,2:16,2:24,blue ,2:38,A5,A,C5,C,8,14
1,260,2:18,2:37,red,2:53,C5,C,A5,A,19,16
1,261,2:17,2:21,red,2:33,C5,C,C5,C,4,12
1,262,2:18,2:28,blue,2:40,A5,A,A5,A,10,12
1,263,2:17,2:23,blue ,2:41,A5,A,C5,C,6,18
1,264,2:17,2:30,red,2:48,C5,C,A5,A,13,18
1,265,2:17,2:26,blue,2:42,A5,A,C5,C,9,16
1,266,2:33,2:39,red,2:54,C5,C,A5,A,6,15
1,267,2:26,2:41,blue,2:51,A5,A,C5,C,15,10
1,268,2:26,2:34,red,3:03,C5,C,A5,A,8,29
1,269,2:25,2:35,blue ,2:47,A5,A,C5,C,10,12
1,270,2:25,2:33,blue ,2:51,A5,A,A5,A,8,18
1,271,2:24,2:29,blue,2:41,A5,A,C5,C,5,12
1,272,2:24,2:31,red,2:51,C5,C,A5,A,7,20
1,273,2:24,2:35,blue ,3:01,A5,A,C5,C,11,26
1,274,2:26,2:38,red,2:53,C5,C,A5,A,12,15
1,275,2:26,2:34,red,2:52,C5,C,C5,C,8,18
1,276,2:24,2:35,red,2:51,C5,C,A5,A,11,16
1,277,2:23,2:36,blue,2:50,A5,A,C5,C,13,14
1,278,2:26,2:30,blue ,2:41,A5,A,A5,A,4,11
1,279,2:24,2:37,blue,2:53,A5,A,C5,C,13,16
1,280,2:26,2:35,blue,2:46,A5,A,A5,A,9,11
1,281,2:32,3:08,blue,3:25,A5,A,C5,C,36,17
1,282,2:33,3:15,red,3:31,C5,C,A5,A,42,16
1,283,2:32,3:27,blue ,3:44,A5,A,C5,C,55,17
1,284,2:33,2:43,red,2:55,C5,C,A5,A,10,12
1,285,2:32,2:41,red,2:55,C5,C,C5,C,9,14
1,286,2:33,2:42,red,2:43,C5,C,A5,A,9,1
1,287,2:31,2:41,blue ,2:56,A5,A,C5,C,10,15
1,288,2:31,2:36,red,2:51,C5,C,A5,A,5,15
1,289,2:32,3:07,blue ,3:18,A5,A,C5,C,35,11
1,290,2:33,2:47,blue ,2:59,A5,A,A5,A,14,12
1,291,2:31,2:45,red,3:04,C5,C,C5,C,14,19
1,292,2:39,2:43,red,2:57,C5,C,A5,A,4,14
1,293,2:32,2:35,blue,2:49,A5,A,C5,C,3,14
1,294,2:33,2:37,blue ,2:50,A5,A,A5,A,4,13
1,295,2:32,2:50,blue,3:25,A5,A,C5,C,18,35
1,296,2:36,2:48,red,3:03,C5,C,A5,A,12,15
1,297,2:37,2:50,red,3:07,C5,C,C5,C,13,17
1,298,2:39,2:46,blue,2:57,A5,A,A5,A,7,11
1,299,2:37,2:41,red,2:59,C5,C,C5,C,4,18
1,300,2:37,2:48,red,3:04,C5,C,A5,A,11,16
2,1,9:39,9:58,red,10:15,,A,C1,C,19,17
2,2,9:41,9:45,red,10:00,,A,A1,A,4,15
2,3,9:40,9:58,red,10:15,,A,C1,C,18,17
2,4,9:41,9:54,red,10:09,,A,A1,A,13,15
2,5,9:40,9:48,blue ,10:04,,C,C1,C,8,16
2,6,9:40,9:44,red,10:03,,A,A1,A,4,19
2,7,9:40,9:46,blue ,10:04,,C,C1,C,6,18
2,8,9:40,9:50,red,10:05,,A,A1,A,10,15
2,9,9:39,9:46,red,10:02,,A,C1,C,7,16
2,10,9:46,10:04,red,10:21,,A,A1,A,18,17
2,11,9:40,9:50,blue ,10:06,,C,C1,C,10,16
2,12,9:41,9:53,red,10:08,,A,A1,A,12,15
2,13,9:41,10:06,blue ,10:24,,C,C1,C,25,18
2,14,9:40,9:52,red,10:11,,A,A1,A,12,19
2,15,9:41,9:50,red,10:10,,A,C1,C,9,20
2,16,9:47,10:17,red,10:37,,A,A1,A,30,20
2,17,9:55,9:59,blue ,10:18,,C,C1,C,4,19
2,18,9:46,10:06,blue ,10:18,,C,A1,A,20,12
2,19,9:48,10:17,red,10:37,,A,C1,C,29,20
2,20,9:48,10:01,red,10:21,,A,A1,A,13,20
2,21,9:48,9:51,blue ,10:08,,C,C1,C,3,17
2,22,9:46,9:53,red,10:15,,A,A1,A,7,22
2,23,9:48,10:03,red,10:18,,A,C1,C,15,15
2,24,9:46,10:00,red,10:20,,A,A1,A,14,20
2,25,9:55,10:21,red,10:45,,A,C1,C,26,24
2,26,9:47,9:57,red,10:12,,A,A1,A,10,15
2,27,9:47,10:25,red,10:40,,A,C1,C,38,15
2,28,9:47,9:52,blue ,10:08,,C,A1,A,5,16
2,29,9:47,10:36,red,10:56,,A,C1,C,49,20
2,30,9:47,10:03,red,10:18,,A,A1,A,16,15
2,31,9:54,10:12,red,10:31,,A,C1,C,18,19
2,32,10:02,10:08,red,10:19,,A,A1,A,6,11
2,33,9:54,10:19,blue ,10:36,,C,C1,C,25,17
2,34,9:58,10:01,blue ,10:10,,C,A1,A,3,9
2,35,NA,NA,NA,NA,,NA,C1,C,NA,NA
2,36,9:56,10:26,red,10:39,,A,A1,A,30,13
2,37,9:54,10:03,red,10:23,,A,C1,C,9,20
2,38,9:55,10:04,blue ,10:21,,C,A1,A,9,17
2,39,9:53,10:12,blue ,10:16,,C,C1,C,19,4
2,40,10:03,10:14,blue ,10:27,,C,A1,A,11,13
2,41,9:54,10:26,red,10:43,,A,C1,C,32,17
2,42,9:55,10:35,blue ,10:52,,C,A1,A,40,17
2,43,9:54,10:02,blue ,10:17,,C,C1,C,8,15
2,44,9:55,10:00,red,10:18,,A,A1,A,5,18
2,45,9:54,9:59,red,10:16,,A,C1,C,5,17
2,46,10:02,10:14,blue ,10:24,,C,A1,A,12,10
2,47,10:01,10:06,blue ,10:25,,C,C1,C,5,19
2,48,10:02,10:06,blue ,10:18,,C,A1,A,4,12
2,49,10:01,11:09,blue ,11:23,,C,C1,C,8,14
2,50,10:01,10:14,red,10:30,,A,A1,A,13,16
2,51,10:09,10:35,red,10:52,,C,C1,C,26,17
2,52,10:12,10:20,red,10:30,,C,A1,A,8,10
2,53,10:21,10:50,blue ,11:07,,A,C1,C,29,17
2,54,10:10,10:17,red,10:29,,C,A1,A,7,12
2,55,10:18,10:23,red,10:38,,C,C1,C,5,15
2,56,10:08,10:14,red,10:30,,C,A1,A,6,16
2,57,10:09,10:17,red,10:31,,C,C1,C,8,14
2,58,10:10,10:30,blue ,10:46,,A,A1,A,20,16
2,59,10:12,10:26,blue ,10:45,,A,C1,C,14,19
2,60,10:11,10:30,blue ,10:41,,A,A1,A,19,11
2,61,10:09,10:12,red,10:24,,C,C1,C,3,12
2,62,10:09,10:16,blue ,10:30,,A,A1,A,7,14
2,63,10:09,10:49,red,11:07,,C,C1,C,40,18
2,64,10:10,NA,NA,NA,,NA,A1,A,NA,NA
2,65,10:10,10:30,red,10:45,,C,C1,C,20,15
2,66,10:19,10:34,blue ,10:52,,A,A1,A,15,18
2,67,10:30,10:40,red,10:56,,C,C1,C,10,16
2,68,10:21,10:33,blue ,10:47,,A,A1,A,12,14
2,69,10:30,10:39,red,10:57,,C,C1,C,9,18
2,70,10:24,10:40,red,10:50,,C,A1,A,16,10
2,71,10:24,NA,NA,NA,,NA,C1,C,NA,NA
2,72,10:12,10:37,blue ,10:46,,A,A1,A,25,9
2,73,10:22,10:32,red,10:51,,C,C1,C,10,19
2,74,10:18,10:25,red,10:41,,C,A1,A,7,16
2,75,10:22,11:22,red,11:43,,C,C1,C,0,21
2,76,10:12,10:19,blue ,10:33,,A,A1,A,7,14
2,77,10:30,10:43,red,10:57,,C,C1,C,13,14
2,78,10:15,10:25,blue ,10:49,,A,A1,A,10,24
2,79,10:29,10:28,red,10:46,,C,C1,C,NA,18
2,80,10:30,10:34,blue ,10:52,,A,A1,A,4,18
2,81,10:32,10:46,blue ,11:09,,A,C1,C,14,23
2,82,10:37,10:48,blue ,11:11,,A,A1,A,11,23
2,83,10:32,10:51,red,11:13,,C,C1,C,19,22
2,84,10:37,10:44,red,11:01,,C,A1,A,7,17
2,85,10:31,10:38,blue ,10:54,,A,C1,C,7,16
2,86,10:36,10:38,red,10:50,,C,A1,A,2,12
2,87,10:31,10:38,red,10:48,,C,C1,C,7,10
2,88,10:31,10:46,blue ,11:12,,A,A1,A,15,26
2,89,10:31,10:57,blue ,11:11,,A,C1,C,26,14
2,90,10:36,10:42,red,10:57,,C,A1,A,6,15
2,91,10:31,10:39,red,10:56,,C,C1,C,8,17
2,92,10:32,10:44,blue ,10:57,,A,A1,A,12,13
2,93,10:31,10:44,blue ,11:02,,A,C1,C,13,18
2,94,NA,NA,NA,NA,,NA,A1,A,NA,NA
2,95,10:30,10:34,red,10:48,,C,C1,C,4,14
2,96,10:37,11:06,red,11:20,,C,A1,A,29,14
2,97,10:35,10:58,blue ,11:17,,A,C1,C,23,19
2,98,10:36,10:43,red,10:56,,C,A1,A,7,13
2,99,10:35,11:31,red,11:43,,C,C1,C,56,12
2,100,10:36,10:40,blue ,10:53,,A,A1,A,4,13
2,101,10:45,10:49,blue ,11:04,,C,C3,C,4,15
2,102,10:55,11:07,blue ,11:15,,C,A3,A,12,8
2,103,10:46,10:50,red,11:01,,A,C3,C,4,11
2,104,10:48,11:24,red,11:36,,A,A3,A,36,12
2,105,10:45,11:02,red,11:15,,A,C3,C,17,13
2,106,10:48,10:54,red,11:07,,A,A3,A,6,13
2,107,10:45,NA,NA,NA,,NA,C3,C,NA,NA
2,108,10:47,11:15,red,11:35,,A,A3,A,28,20
2,109,10:44,10:54,blue ,11:15,,C,C3,C,10,21
2,110,10:48,11:08,red,11:15,,A,A3,A,20,7
2,111,10:45,10:57,red,11:11,,A,C3,C,12,14
2,112,10:47,10:50,red,11:00,,A,A3,A,3,10
2,113,10:47,11:22,red,11:35,,A,C3,C,35,13
2,114,10:47,10:53,blue ,11:10,,C,A3,A,6,17
2,115,10:47,10:54,blue ,11:20,,C,C3,C,7,26
2,116,10:58,11:00,red,11:13,,A,A3,A,2,13
2,117,11:05,11:17,red,11:32,,A,C3,C,12,15
2,118,10:54,11:00,red,11:12,,A,A3,A,6,12
2,119,10:56,11:06,blue ,11:21,,C,C3,C,10,15
2,120,10:55,11:03,blue ,11:19,,C,A3,A,8,16
2,121,10:56,11:26,red,11:41,,A,C3,C,30,15
2,122,10:56,11:06,blue ,11:19,,C,A3,A,10,13
2,123,10:56,10:59,blue ,11:13,,C,C3,C,3,14
2,124,10:55,11:58,red,12:06,,A,A3,A,3,8
2,125,10:54,11:05,red,11:14,,A,C3,C,11,9
2,126,10:54,NA,NA,NA,,NA,A3,A,NA,NA
2,127,11:04,11:08,blue ,11:22,,C,C3,C,4,14
2,128,NA,NA,NA,NA,,NA,A3,A,NA,NA
2,129,11:04,11:10,red,11:28,,A,C3,C,6,18
2,130,10:55,10:59,blue ,11:12,,C,A3,A,4,13
2,131,11:05,11:13,red,11:29,,A,C3,C,8,16
2,132,11:10,12:20,red,12:37,,A,A3,A,10,17
2,133,11:04,11:07,blue ,11:15,,C,C3,C,3,8
2,134,11:10,11:12,blue ,11:29,,C,A3,A,2,17
2,135,11:04,11:12,blue ,11:30,,C,C3,C,8,18
2,136,11:10,11:19,red,11:34,,A,A3,A,9,15
2,137,11:03,11:50,blue ,12:09,,C,C3,C,47,19
2,138,11:11,11:22,blue ,11:36,,C,A3,A,11,14
2,139,11:11,11:16,blue ,11:28,,C,C3,C,5,12
2,140,11:10,11:13,red,11:24,,A,A3,A,3,11
2,141,11:10,11:19,red,11:32,,A,C3,C,9,13
2,142,11:05,11:16,blue ,11:37,,C,A3,A,11,21
2,143,11:09,11:23,blue ,11:40,,C,C3,C,14,17
2,144,11:05,11:43,red,11:56,,A,A3,A,38,13
2,145,11:05,11:40,red,11:54,,A,C3,C,35,14
2,146,11:11,NA,NA,NA,,NA,A3,A,NA,NA
2,147,11:03,NA,NA,NA,,NA,C3,C,NA,NA
2,148,11:03,11:24,red,11:38,,A,A3,A,21,14
2,149,NA,NA,NA,NA,,NA,C3,C,NA,NA
2,150,11:03,11:13,red,11:29,,A,A3,A,10,16
2,151,11:18,11:23,red,11:44,,C,C3,C,5,21
2,152,11:26,11:34,blue ,11:53,,A,A3,A,8,19
2,153,11:18,11:42,red,12:05,,C,C3,C,24,23
2,154,11:25,11:46,blue ,11:59,,A,A3,A,21,13
2,155,11:28,11:30,blue ,11:48,,A,C3,C,2,18
2,156,11:26,11:43,blue ,11:59,,A,A3,A,17,16
2,157,1:30,11:42,red,12:02,,C,C3,C,12,20
2,158,11:21,11:42,blue ,11:58,,A,A3,A,21,16
2,159,11:18,11:35,blue ,11:56,,A,C3,C,17,21
2,160,11:20,11:24,red,11:35,,C,A3,A,4,11
2,161,11:18,11:31,red,11:45,,C,C3,C,13,14
2,162,11:19,11:33,blue ,11:49,,A,A3,A,14,16
2,163,11:30,11:37,red,11:49,,C,C3,C,7,12
2,164,NA,NA,NA,NA,,NA,A3,A,NA,NA
2,165,11:29,NA,NA,NA,,NA,C3,C,NA,NA
2,166,11:32,11:41,red,11:56,,C,A3,A,9,15
2,167,11:32,11:50,red,12:04,,C,C3,C,18,14
2,168,11:33,11:51,blue ,11:58,,A,A3,A,18,7
2,169,NA,NA,NA,NA,,NA,C3,C,NA,NA
2,170,11:46,12:04,red,12:14,,C,A3,A,18,10
2,171,11:32,NA,NA,NA,,NA,C3,C,NA,NA
2,172,11:32,11:58,red,12:12,,C,A3,A,26,14
2,173,11:31,11:40,red,11:57,,C,C3,C,9,17
2,174,11:47,12:09,blue ,12:25,,A,A3,A,22,16
2,175,11:38,11:54,blue ,12:12,,A,C3,C,16,18
2,176,11:39,11:43,blue ,11:56,,A,A3,A,4,13
2,177,11:38,11:54,blue ,12:10,,A,C3,C,16,16
2,178,11:39,12:12,blue ,12:30,,A,A3,A,33,18
2,179,11:38,11:55,red,12:12,,C,C3,C,17,17
2,180,11:38,12:52,blue ,13:02,,A,A3,A,14,10
2,181,11:37,11:48,blue ,12:05,,A,C3,C,11,17
2,182,11:38,12:03,blue ,12:18,,A,A3,A,25,15
2,183,11:36,11:45,red,12:02,,C,C3,C,9,17
2,184,11:37,11:47,red,12:01,,C,A3,A,10,14
2,185,11:37,11:51,blue ,12:04,,A,C3,C,14,13
2,186,11:48,11:56,red,12:07,,C,A3,A,8,11
2,187,11:37,12:01,blue ,12:15,,A,C3,C,24,14
2,188,11:49,NA,NA,NA,,NA,A3,A,NA,NA
2,189,11:46,12:09,blue ,12:21,,A,C3,C,23,12
2,190,11:48,11:55,blue ,12:06,,A,A3,A,7,11
2,191,11:47,11:52,blue ,12:07,,A,C3,C,5,15
2,192,11:47,11:48,red,11:56,,C,A3,A,1,8
2,193,11:46,11:56,red,12:11,,C,C3,C,10,15
2,194,11:49,11:54,blue ,12:16,,A,A3,A,5,22
2,195,11:46,12:03,blue ,12:14,,A,C3,C,17,11
2,196,11:47,12:03,red,12:22,,C,A3,A,16,19
2,197,11:47,NA,NA,NA,,NA,C3,C,NA,NA
2,198,11:47,11:53,blue ,12:10,,A,A3,A,6,17
2,199,11:47,12:28,blue ,12:43,,A,C3,C,41,15
2,200,11:49,NA,NA,NA,,NA,A3,A,NA,NA
2,201,11:58,12:13,blue ,12:29,,C,C5,C,15,16
2,202,12:07,12:15,red,12:28,,A,A5,A,8,13
2,203,12:00,12:11,blue ,12:29,,C,C5,C,11,18
2,204,12:23,12:35,red,12:55,,A,A5,A,12,20
2,205,11:59,12:11,blue ,12:30,,C,C5,C,12,19
2,206,12:14,12:18,blue ,12:30,,C,A5,A,4,12
2,207,11:59,12:15,blue ,12:32,,C,C5,C,16,17
2,208,11:57,12:16,red,12:39,,A,A5,A,19,23
2,209,11:58,12:20,red,12:35,,A,C5,C,22,15
2,210,11:59,12:06,blue ,12:20,,C,A5,A,7,14
2,211,11:57,12:07,blue ,12:22,,C,C5,C,10,15
2,212,11:57,12:26,red,12:40,,A,A5,A,29,14
2,213,11:58,12:05,red,12:26,,A,C5,C,7,21
2,214,11:58,12:23,blue ,12:37,,C,A5,A,25,14
2,215,11:58,12:02,blue ,12:17,,C,C5,C,4,15
2,216,12:05,12:11,red,12:25,,A,A5,A,6,14
2,217,12:22,12:25,red,12:37,,A,C5,C,3,12
2,219,12:07,12:21,red,12:36,,A,A5,A,14,15
2,218,12:05,12:08,blue ,12:19,,C,C5,C,3,11
2,220,12:05,12:10,blue ,12:23,,C,A5,A,5,13
2,221,12:22,12:30,blue ,12:44,,C,C5,C,8,14
2,222,12:04,12:07,red,12:25,,A,A5,A,3,18
2,223,12:22,13:04,blue ,13:21,,C,C5,C,42,17
2,224,12:06,12:19,blue ,12:36,,C,A5,A,13,17
2,225,12:07,12:21,red,12:34,,A,C5,C,14,13
2,226,12:04,12:25,red,12:44,,A,A5,A,21,19
2,227,12:06,12:34,blue ,12:54,,C,C5,C,28,20
2,228,12:04,12:16,blue ,12:30,,C,A5,A,12,14
2,229,12:05,12:28,blue ,12:45,,C,C5,C,23,17
2,230,12:05,12:13,red,12:27,,A,A5,A,8,14
2,231,NA,NA,NA,NA,,NA,C5,C,NA,NA
2,232,12:14,12:28,red,12:45,,A,A5,A,14,17
2,233,12:23,12:26,blue ,12:45,,C,C5,C,3,19
2,234,12:13,12:18,blue ,12:30,,C,A5,A,5,12
2,235,12:13,12:23,blue ,12:36,,C,C5,C,10,13
2,236,12:12,12:23,blue ,12:39,,C,A5,A,11,16
2,237,12:12,13:20,red,13:34,,A,C5,C,8,14
2,238,12:13,12:22,red,12:31,,A,A5,A,9,9
2,239,12:13,12:22,blue ,12:36,,C,C5,C,9,14
2,240,12:13,12:19,red,12:35,,A,A5,A,6,16
2,241,12:22,12:46,blue ,13:02,,C,C5,C,24,16
2,242,12:22,13:10,red,13:25,,A,A5,A,48,15
2,243,12:23,12:50,blue ,13:09,,C,C5,C,27,19
2,244,12:14,12:25,blue ,12:38,,C,A5,A,11,13
2,245,12:13,12:41,red,12:53,,A,C5,C,28,12
2,246,12:14,12:27,blue ,12:47,,C,A5,A,13,20
2,247,12:22,13:00,blue ,13:19,,C,C5,C,38,19
2,248,12:14,13:16,blue ,13:39,,C,A5,A,2,23
2,249,12:13,12:27,red,12:40,,A,C5,C,14,13
2,250,12:13,12:35,blue ,12:49,,C,A5,A,22,14
2,251,12:32,12:39,red,12:56,,C,C5,C,7,17
2,252,12:29,13:03,blue ,13:22,,A,A5,A,34,19
2,253,12:32,12:40,blue ,12:55,,A,C5,C,8,15
2,254,12:29,12:32,blue ,12:48,,A,A5,A,3,16
2,255,12:30,12:33,blue ,12:45,,A,C5,C,3,12
2,256,12:29,12:36,blue ,13:02,,A,A5,A,7,26
2,257,12:32,12:47,red,13:07,,C,C5,C,15,20
2,258,12:29,12:43,blue ,12:58,,A,A5,A,14,15
2,259,12:30,12:42,red,13:03,,C,C5,C,12,21
2,260,12:28,12:45,blue ,13:02,,A,A5,A,17,17
2,261,12:32,12:35,blue ,12:49,,A,C5,C,3,14
2,262,12:29,12:46,red,13:03,,C,A5,A,17,17
2,263,12:30,12:33,red,12:50,,C,C5,C,3,17
2,264,12:29,12:55,blue ,13:14,,A,A5,A,26,19
2,265,12:29,12:35,red,12:55,,C,C5,C,6,20
2,266,12:38,13:07,blue ,13:21,,A,A5,A,29,14
2,267,12:37,12:44,red,13:03,,C,C5,C,7,19
2,268,12:37,12:57,blue ,13:13,,A,A5,A,20,16
2,269,12:37,12:53,red,13:18,,C,C5,C,16,25
2,270,NA,NA,NA,NA,,NA,A5,A,NA,NA
2,271,12:37,12:46,blue ,13:05,,A,C5,C,9,19
2,272,NA,NA,NA,NA,,NA,A5,A,NA,NA
2,273,12:37,12:53,red,13:10,,C,C5,C,16,17
2,274,12:37,13:11,blue ,13:30,,A,A5,A,NA,NA
2,275,12:38,12:42,red,13:03,,C,C5,C,4,21
2,276,12:48,12:54,red,13:03,,C,A5,A,6,9
2,277,12:36,12:51,blue ,13:03,,A,C5,C,15,12
2,278,12:46,12:51,red,13:08,,C,A5,A,5,17
2,279,12:46,12:52,red,13:08,,C,C5,C,6,16
2,280,12:46,12:55,red,21:05,,C,A5,A,9,10
2,281,12:49,13:13,blue ,13:30,,A,C5,C,24,17
2,282,12:43,12:56,red,13:09,,C,A5,A,13,13
2,283,12:49,13:03,red,13:20,,C,C5,C,14,17
2,284,12:45,NA,NA,NA,,NA,A5,A,NA,NA
2,285,12:49,13:11,red,13:31,,C,C5,C,22,20
2,286,12:45,NA,NA,NA,,NA,A5,A,NA,NA
2,287,12:46,12:50,red,13:11,,C,C5,C,4,21
2,288,12:43,NA,NA,NA,,NA,A5,A,NA,NA
2,289,12:49,12:58,blue ,13:04,,A,C5,C,9,6
2,290,12:43,12:49,red,13:05,,C,A5,A,6,16
2,291,12:50,12:55,blue ,13:09,,A,C5,C,5,14
2,292,12:45,12:55,red,13:11,,C,A5,A,10,16
2,293,12:50,12:51,red,13:11,,C,C5,C,1,20
2,294,12:46,12:53,blue ,13:09,,A,A5,A,7,16
2,295,12:49,12:57,red,13:16,,C,C5,C,8,19
2,296,12:45,13:00,blue ,13:17,,A,A5,A,15,17
2,297,12:48,13:18,red,13:39,,C,C5,C,30,21
2,298,12:47,13:02,blue ,13:16,,A,A5,A,15,14
2,299,12:43,12:48,blue ,13:08,,A,C5,C,5,20
2,300,12:47,13:22,blue ,13:35,,A,A5,A,35,13
3,1,2:49,3:02,blue,3:20,C1,C,C1,C,13,18
3,2,2:52,3:12,red,3:28,A1,A,A1,A,20,16
3,3,2:50,3:29,red,3:48,A1,A,C1,C,39,19
3,4,2:52,3:06,red,3:21,A1,A,A1,A,14,15
3,5,2:49,2:52,red,3:11,A1,A,C1,C,3,19
3,6,2:51,3:03,blue,3:17,C1,C,A1,A,12,14
3,7,2:51,2:53,blue,3:09,C1,C,C1,C,2,16
3,8,2:52,2:56,blue,3:10,C1,C,A1,A,4,14
3,9,2:51,2:54,blue,3:09,C1,C,C1,C,3,15
3,10,2:51,2:55,blue,3:11,C1,C,A1,A,4,16
3,11,2:50,3:00,red,3:22,A1,A,C1,C,10,22
3,12,2:51,3:13,blue,3:31,C1,C,A1,A,22,18
3,13,2:47,3:21,blue,3:40,C1,C,C1,C,34,19
3,14,NA,NA,NA,NA,NA,NA,NA,NA,NA,NA
3,15,2:57,3:06,red,3:24,A1,A,C1,C,9,18
3,16,2:59,3:13,blue,3:31,C1,C,A1,A,14,18
3,17,3:10,3:13,blue,3:42,C1,C,C1,C,3,29
3,18,2:59,3:07,blue,3:23,C1,C,A1,A,8,16
3,19,3:00,3:18,blue,3:35,C1,C,C1,C,18,17
3,20,2:59,3:17,red,3:35,A1,A,A1,A,18,18
3,21,2:56,3:02,blue,3:16,C1,C,C1,C,6,14
3,22,2:59,3:16,red,3:34,A1,A,A1,A,17,18
3,23,2:58,3:05,red,3:24,A1,A,C1,C,7,19
3,24,2:59,3:07,red,3:23,A1,A,A1,A,8,16
3,25,3:00,3:13,blue,3:34,C1,C,C1,C,13,21
3,26,2:58,3:19,blue,3:31,C1,C,A1,A,21,12
3,27,3:00,3:14,blue,3:32,C1,C,C1,C,14,18
3,28,2:58,3:08,red,3:26,A1,A,A1,A,10,18
3,29,2:56,2:59,red,3:11,A1,A,C1,C,3,12
3,30,3:10,3:14,blue,3:26,C1,C,A1,A,4,12
3,31,3:08,3:14,blue,3:31,C1,C,C1,C,6,17
3,32,3:10,3:28,red,3:44,A1,A,A1,A,18,16
3,33,3:14,3:27,blue,3:40,C1,C,C1,C,13,13
3,34,3:09,3:16,blue,3:39,C1,C,A1,A,7,23
3,35,3:11,3:20,blue,3:36,C1,C,C1,C,9,16
3,36,3:10,3:14,red,3:33,A1,A,A1,A,4,19
3,37,3:07,3:11,blue,3:20,C1,C,C1,C,4,9
3,38,3:09,3:29,blue,3:42,C1,C,A1,A,20,13
3,39,3:09,3:20,red,3:33,A1,A,C1,C,11,13
3,40,3:10,3:42,red,4:02,A1,A,A1,A,32,20
3,41,3:10,3:23,blue,3:38,C1,C,C1,C,13,15
3,42,3:07,3:17,red,3:37,A1,A,A1,A,10,20
3,43,3:08,3:14,red,3:28,A1,A,C1,C,6,14
3,44,3:06,3:28,blue,3:40,C1,C,A1,A,22,12
3,45,3:14,3:23,blue,3:39,C1,C,C1,C,9,16
3,46,3:14,3:18,blue,3:30,C1,C,A1,A,4,12
3,47,3:37,3:52,red,4:12,A1,A,C1,C,15,20
3,48,3:15,3:19,red,3:36,A1,A,A1,A,4,17
3,49,3:14,3:21,red,4:01,A1,A,C1,C,7,40
3,50,3:15,3:39,red,4:00,A1,A,A1,A,24,21
3,51,3:22,3:39,red,3:59,C1,C,C1,C,17,20
3,52,3:22,3:28,red,3:40,C1,C,A1,A,6,12
3,53,3:23,3:28,red,3:46,C1,C,C1,C,5,18
3,54,3:23,4:06,blue,4:22,A1,A,A1,A,43,16
3,55,3:23,3:41,red,3:59,C1,C,C1,C,18,18
3,56,3:22,3:53,blue,4:07,A1,A,A1,A,31,14
3,57,3:22,3:44,red,4:03,C1,C,C1,C,22,19
3,58,3:23,3:44,blue,4:01,A1,A,A1,A,21,17
3,59,3:22,NA,NA,NA,NA,NA,C1,C,NA,NA
3,60,3:24,NA,NA,NA,NA,NA,A1,A,NA,NA
3,61,3:22,3:31,red,3:47,C1,C,C1,C,9,16
3,62,3:24,3:42,red,3:54,C1,C,A1,A,18,12
3,63,3:22,3:33,red,3:44,C1,C,C1,C,11,11
3,64,3:24,4:10,blue,4:25,A1,A,A1,A,46,15
3,65,3:22,3:30,red,3:46,C1,C,C1,C,8,16
3,66,3:30,NA,NA,NA,NA,NA,A1,A,NA,NA
3,67,3:30,3:47,red,4:09,C1,C,C1,C,17,22
3,68,3:29,NA,NA,NA,NA,NA,A1,A,NA,NA
3,69,3:29,3:38,red,3:58,C1,C,C1,C,9,20
3,70,3:30,3:40,red,3:57,C1,C,A1,A,10,17
3,71,3:30,3:44,red,3:51,C1,C,C1,C,14,7
3,72,3:37,3:52,red,4:04,C1,C,A1,A,15,12
3,73,3:29,3:55,red,4:19,C1,C,C1,C,26,24
3,74,3:28,4:28,blue,4:50,A1,A,A1,A,0,22
3,75,3:29,3:34,blue,3:46,A1,A,C1,C,5,12
3,76,3:28,3:35,blue,3:51,A1,A,A1,A,7,16
3,77,3:29,3:32,red,3:50,C1,C,C1,C,3,18
3,78,3:30,3:37,red,3:50,C1,C,A1,A,7,13
3,79,3:30,3:40,red,3:59,C1,C,C1,C,10,19
3,80,3:29,NA,NA,NA,NA,NA,A1,A,NA,NA
3,81,3:38,3:49,blue,4:08,A1,A,C1,C,11,19
3,82,3:38,3:51,red,4:08,C1,C,A1,A,13,17
3,83,3:38,NA,NA,NA,NA,NA,C1,C,NA,NA
3,84,3:42,3:49,blue,4:04,A1,A,A1,A,7,15
3,85,3:38,3:58,red,4:16,C1,C,C1,C,20,18
3,86,3:40,3:51,red,4:03,C1,C,A1,A,11,12
3,87,3:38,3:50,red,3:54,C1,C,C1,C,12,4
3,88,3:39,3:45,blue,4:05,A1,A,A1,A,6,20
3,89,3:38,NA,NA,NA,NA,NA,C1,C,NA,NA
3,90,3:42,4:22,red,4:31,C1,C,A1,A,40,9
3,91,3:39,4:18,red,4:34,C1,C,C1,C,39,16
3,92,3:43,4:04,red,4:22,C1,C,A1,A,21,18
3,93,3:38,3:43,blue,3:59,A1,A,C1,C,5,16
3,94,NA,NA,NA,NA,NA,NA,A1,A,NA,NA
3,95,3:39,3:57,red,4:18,C1,C,C1,C,18,21
3,96,3:39,3:46,blue,3:56,A1,A,A1,A,7,10
3,97,3:37,3:40,red,3:53,C1,C,C1,C,3,13
3,98,3:39,3:47,blue,4:07,A1,A,A1,A,8,20
3,99,3:37,3:45,blue,4:06,A1,A,C1,C,8,21
3,100,NA,NA,NA,NA,NA,NA,A1,A,NA,NA
3,101,3:50,NA,NA,NA,NA,NA,C3,C,NA,NA
3,102,3:49,4:28,red,4:43,A3,A,A3,A,39,15
3,103,3:54,4:03,blue,4:24,C3,C,C3,C,9,21
3,104,3:50,4:14,red,4:28,A3,A,A3,A,24,14
3,105,4:11,4:20,red,4:35,A3,A,C3,C,9,15
3,106,3:50,4:00,blue,4:20,C3,C,A3,A,10,20
3,107,3:49,3:57,blue,4:11,C3,C,C3,C,8,14
3,108,3:49,3:58,red,4:08,A3,A,A3,A,9,10
3,109,3:48,3:55,blue,4:19,C3,C,C3,C,7,24
3,110,3:49,4:05,blue,4:18,C3,C,A3,A,16,13
3,111,3:50,NA,NA,NA,NA,NA,C3,C,NA,NA
3,112,3:49,3:51,blue,4:07,C3,C,A3,A,2,16
3,113,3:48,3:55,blue,4:15,C3,C,C3,C,7,20
3,114,3:49,4:30,blue,4:49,C3,C,A3,A,41,19
3,115,3:48,3:54,blue,4:15,C3,C,C3,C,6,21
3,116,3:57,4:29,blue,4:44,C3,C,A3,A,32,15
3,117,3:57,4:16,red,4:31,A3,A,C3,C,19,15
3,118,3:55,4:01,red,4:12,A3,A,A3,A,6,11
3,119,3:58,4:11,red,4:24,A3,A,C3,C,13,13
3,120,3:58,4:08,red,4:23,A3,A,A3,A,10,15
3,121,3:58,4:04,red,4:20,A3,A,C3,C,6,16
3,122,3:57,4:04,red,4:15,A3,A,A3,A,7,11
3,123,3:58,4:09,blue,4:26,C3,C,C3,C,11,17
3,124,3:55,4:23,blue,4:39,C3,C,A3,A,28,16
3,125,3:58,4:09,blue,4:26,C3,C,C3,C,11,17
3,126,3:57,4:13,red,4:29,A3,A,A3,A,16,16
3,127,3:55,4:09,red,4:23,A3,A,C3,C,14,14
3,128,3:55,4:05,blue,4:24,C3,C,A3,A,10,19
3,129,3:58,4:13,red,4:28,A3,A,C3,C,15,15
3,130,3:55,4:10,blue,4:27,C3,C,A3,A,15,17
3,131,4:06,4:17,red,4:33,A3,A,C3,C,11,16
3,132,4:11,4:23,blue,4:34,C3,C,A3,A,12,11
3,133,4:06,4:15,red,4:29,A3,A,C3,C,9,14
3,134,4:05,4:09,blue,4:29,C3,C,A3,A,4,20
3,135,4:06,4:23,blue,4:42,C3,C,C3,C,17,19
3,136,4:07,4:11,blue,4:27,C3,C,A3,A,4,16
3,137,4:07,4:26,blue,4:42,C3,C,C3,C,19,16
3,138,4:06,5:02,red,5:13,A3,A,A3,A,56,11
3,139,4:11,4:14,blue,4:32,C3,C,C3,C,3,18
3,140,4:05,4:17,red,4:20,A3,A,A3,A,12,3
3,141,4:11,4:15,blue,4:32,C3,C,C3,C,4,17
3,142,4:11,4:21,blue,4:39,C3,C,A3,A,10,18
3,143,4:06,4:20,blue,4:40,C3,C,C3,C,14,20
3,144,4:07,4:23,blue,4:42,C3,C,A3,A,16,19
3,145,4:06,4:14,red,4:28,A3,A,C3,C,8,14
3,146,4:11,4:18,red,4:35,A3,A,A3,A,7,17
3,147,4:05,4:18,blue,4:36,C3,C,C3,C,13,18
3,148,4:11,4:37,red,4:54,A3,A,A3,A,26,17
3,149,4:12,4:18,blue,4:35,C3,C,C3,C,6,17
3,150,4:06,4:15,red,4:28,A3,A,A3,A,9,13
3,151,4:40,4:56,blue,5:04,A3,A,C3,C,16,8
3,152,4:39,4:44,blue,4:58,A3,A,A3,A,5,14
3,153,4:40,4:51,red,5:09,C3,C,C3,C,11,18
3,154,4:39,5:21,blue,5:40,A3,A,A3,A,42,19
3,155,4:39,4:44,red,5:00,C3,C,C3,C,5,16
3,156,4:39,4:52,blue,5:01,A3,A,A3,A,13,9
3,157,4:40,4:46,red,5:11,C3,C,C3,C,6,25
3,158,4:39,4:52,red,5:10,C3,C,A3,A,13,18
3,159,4:41,4:47,blue,4:49,A3,A,C3,C,6,2
3,160,4:41,5:03,red,5:15,C3,C,A3,A,22,12
3,161,4:38,4:53,red,5:07,C3,C,C3,C,15,14
3,162,4:46,5:23,blue,5:33,A3,A,A3,A,37,10
3,163,4:39,4:48,red,5:13,C3,C,C3,C,9,25
3,164,4:40,NA,NA,NA,NA,NA,A3,A,NA,NA
3,165,4:39,4:55,red,5:09,C3,C,C3,C,16,14
3,166,4:46,4:57,blue,5:13,A3,A,A3,A,11,16
3,167,4:47,4:54,red,5:04,C3,C,C3,C,7,10
3,168,4:46,5:02,blue,5:13,A3,A,A3,A,16,11
3,169,4:47,5:15,blue,5:28,A3,A,C3,C,28,13
3,170,4:45,4:49,blue,5:05,A3,A,A3,A,4,16
3,171,4:55,4:59,red,5:18,C3,C,C3,C,4,19
3,172,4:46,4:59,blue,5:14,A3,A,A3,A,13,15
3,173,4:47,4:48,red,5:06,C3,C,C3,C,1,18
3,174,4:46,4:56,blue,5:12,A3,A,A3,A,10,16
3,175,4:46,5:03,blue,5:20,A3,A,C3,C,17,17
3,176,4:45,4:49,red,5:05,C3,C,A3,A,4,16
3,177,4:47,4:51,red,5:13,C3,C,C3,C,4,22
3,178,4:45,5:04,blue,5:13,A3,A,A3,A,19,9
3,179,4:45,4:50,red,5:10,C3,C,C3,C,5,20
3,180,4:45,5:05,blue,5:33,A3,A,A3,A,20,28
3,181,4:56,5:04,red,5:24,C3,C,C3,C,8,20
3,182,4:53,4:57,red,5:10,C3,C,A3,A,4,13
3,183,4:56,5:00,red,5:15,C3,C,C3,C,4,15
3,184,4:53,5:18,red,5:34,C3,C,A3,A,25,16
3,185,4:56,5:07,blue,5:20,A3,A,C3,C,11,13
3,186,4:52,5:05,blue,5:15,A3,A,A3,A,13,10
3,187,4:52,5:06,blue,5:22,A3,A,C3,C,14,16
3,188,4:53,5:04,red,5:18,C3,C,A3,A,11,14
3,189,4:56,5:50,blue,6:05,A3,A,C3,C,54,15
3,190,4:52,5:00,red,5:11,C3,C,A3,A,8,11
3,191,4:55,5:00,red,5:15,C3,C,C3,C,5,15
3,192,4:52,5:02,blue,5:10,A3,A,A3,A,10,8
3,193,4:52,5:00,red,5:20,C3,C,C3,C,8,20
3,194,4:52,4:59,blue,5:11,A3,A,A3,A,7,12
3,195,4:52,5:05,blue,5:20,A3,A,C3,C,13,15
3,196,4:52,NA,NA,NA,NA,NA,A3,A,NA,NA
3,197,4:53,5:00,blue,5:13,C3,C,C3,C,7,13
3,198,4:52,4:58,blue,5:13,C3,C,A3,A,6,15
3,199,4:53,5:51,blue,6:04,C3,C,C3,C,58,13
3,200,4:53,5:13,blue,5:24,C3,C,A3,A,20,11
3,201,5:02,5:07,red,5:24,A5,A,C5,C,5,17
3,202,5:04,5:32,red,5:52,A5,A,A5,A,28,20
3,203,5:04,5:14,red,5:27,A5,A,C5,C,10,13
3,204,5:04,5:11,blue,5:26,C5,C,A5,A,7,15
3,205,5:03,5:09,blue,5:28,C5,C,C5,C,6,19
3,206,5:09,5:15,blue,5:34,C5,C,A5,A,6,19
3,207,5:02,5:14,red,5:27,A5,A,C5,C,12,13
3,208,5:02,5:08,red,5:31,A5,A,A5,A,6,23
3,209,5:02,5:32,red,5:46,A5,A,C5,C,30,14
3,210,5:04,5:08,red,5:26,A5,A,A5,A,4,18
3,211,5:02,5:10,red,5:24,A5,A,C5,C,8,14
3,212,5:03,5:44,blue,6:00,C5,C,A5,A,41,16
3,213,5:01,5:34,red,5:54,A5,A,C5,C,33,20
3,214,5:04,5:26,red,5:48,A5,A,A5,A,22,22
3,215,5:02,5:11,blue,5:30,C5,C,C5,C,9,19
3,216,5:11,5:35,red,5:51,A5,A,A5,A,24,16
3,217,5:12,5:52,blue,6:08,C5,C,C5,C,40,16
3,218,5:10,5:18,blue,5:33,C5,C,A5,A,8,15
3,219,5:12,5:22,blue,5:49,C5,C,C5,C,10,27
3,220,5:09,5:14,red,5:31,A5,A,A5,A,5,17
3,221,5:11,5:24,red,5:40,A5,A,C5,C,13,16
3,222,5:10,5:12,red,5:30,A5,A,A5,A,2,18
3,223,5:12,5:23,red,5:45,A5,A,C5,C,11,22
3,224,5:18,5:20,red,5:36,A5,A,A5,A,2,16
3,225,5:11,5:13,red,5:36,A5,A,C5,C,2,23
3,226,5:10,5:22,blue,5:35,C5,C,A5,A,12,13
3,227,5:10,5:27,blue,5:51,C5,C,C5,C,17,24
3,228,5:12,5:19,blue,5:32,C5,C,A5,A,7,13
3,229,5:11,5:17,red,5:33,A5,A,C5,C,6,16
3,230,5:16,5:29,red,5:46,A5,A,A5,A,13,17
3,231,5:16,5:25,red,5:43,A5,A,C5,C,9,18
3,232,5:18,5:24,blue,5:38,C5,C,A5,A,6,14
3,233,5:18,5:24,blue,5:43,C5,C,C5,C,6,19
3,234,5:18,5:27,red,5:42,A5,A,A5,A,9,15
3,235,5:21,5:28,blue,5:40,C5,C,C5,C,7,12
3,236,5:16,5:26,blue,5:39,C5,C,A5,A,10,13
3,237,5:18,5:28,red,5:47,A5,A,C5,C,10,19
3,238,5:17,5:28,red,5:40,A5,A,A5,A,11,12
3,239,5:21,5:27,red,5:44,A5,A,C5,C,6,17
3,240,5:18,5:50,red,6:08,A5,A,A5,A,32,18
3,241,5:21,5:32,blue,5:49,C5,C,C5,C,11,17
3,242,5:18,5:27,red,5:46,A5,A,A5,A,9,19
3,243,5:17,5:46,blue,6:06,C5,C,C5,C,29,20
3,244,5:16,5:21,blue,5:36,C5,C,A5,A,5,15
3,245,5:18,5:24,blue,5:54,C5,C,C5,C,6,30
3,246,5:21,5:26,red,5:37,A5,A,A5,A,5,11
3,247,5:21,5:50,red,6:08,A5,A,C5,C,29,18
3,248,5:21,5:48,blue,5:55,C5,C,A5,A,27,7
3,249,5:21,5:30,blue,5:48,C5,C,C5,C,9,18
3,250,5:21,NA,NA,NA,NA,NA,A5,A,NA,NA
3,251,5:30,5:33,red,5:50,C5,C,C5,C,3,17
3,252,5:30,5:41,blue,5:56,A5,A,A5,A,11,15
3,253,5:29,5:32,red,5:51,C5,C,C5,C,3,19
3,254,5:30,5:41,red,6:00,C5,C,A5,A,11,19
3,255,5:30,5:42,red,6:01,C5,C,C5,C,12,19
3,256,5:30,5:42,blue,5:55,A5,A,A5,A,12,13
3,257,5:29,5:38,blue,5:51,A5,A,C5,C,9,13
3,258,5:31,5:44,blue,5:57,A5,A,A5,A,13,13
3,259,5:29,6:05,blue,6:26,A5,A,C5,C,36,21
3,260,5:29,5:35,red,5:50,C5,C,A5,A,6,15
3,261,5:30,5:40,red,6:02,C5,C,C5,C,10,22
3,262,5:30,5:45,red,5:59,C5,C,A5,A,15,14
3,263,5:31,5:41,red,6:02,C5,C,C5,C,10,21
3,264,5:30,5:33,red,5:50,C5,C,A5,A,3,17
3,265,5:31,5:41,red,6:01,C5,C,C5,C,10,20
3,266,5:31,5:35,blue,5:51,A5,A,A5,A,4,16
3,267,5:32,5:44,red,6:00,C5,C,C5,C,12,16
3,268,5:38,5:45,blue,6:05,A5,A,A5,A,7,20
3,269,5:37,5:59,red,6:16,C5,C,C5,C,22,17
3,270,5:50,5:54,blue,6:07,A5,A,A5,A,4,13
3,271,5:36,5:58,red,6:14,C5,C,C5,C,22,16
3,272,5:38,5:47,blue,6:02,A5,A,A5,A,9,15
3,273,5:38,5:48,blue,6:03,A5,A,C5,C,10,15
3,274,5:37,6:04,blue,6:16,A5,A,A5,A,27,12
3,275,5:38,5:47,red,6:02,C5,C,C5,C,9,15
3,276,5:38,5:58,blue,6:12,A5,A,A5,A,20,14
3,277,5:36,5:40,blue,5:52,A5,A,C5,C,4,12
3,278,5:37,5:44,blue,6:01,A5,A,A5,A,7,17
3,279,5:38,NA,NA,NA,NA,NA,C5,C,NA,NA
3,280,5:37,5:47,red,6:02,C5,C,A5,A,10,15
3,281,5:38,5:40,blue,6:02,A5,A,C5,C,2,22
3,282,5:36,5:51,blue,6:08,A5,A,A5,A,15,17
3,283,5:43,5:48,red,6:11,C5,C,C5,C,5,23
3,284,5:50,6:02,red,6:15,C5,C,A5,A,12,13
3,285,5:46,5:58,red,6:19,C5,C,C5,C,12,21
3,286,5:50,6:03,blue,6:20,A5,A,A5,A,13,17
3,287,5:44,5:46,red,6:01,C5,C,C5,C,2,15
3,288,5:50,5:52,blue,6:06,A5,A,A5,A,2,14
3,289,5:44,5:48,red,6:06,C5,C,C5,C,4,18
3,290,5:50,5:53,blue,6:03,A5,A,A5,A,3,10
3,291,5:43,5:53,blue,6:12,A5,A,C5,C,10,19
3,292,5:50,6:02,blue,6:14,A5,A,A5,A,12,12
3,293,5:43,5:51,red,6:05,C5,C,C5,C,8,14
3,294,5:50,5:58,blue,6:09,A5,A,A5,A,8,11
3,295,5:43,5:51,red,6:09,C5,C,C5,C,8,18
3,296,5:50,6:02,blue,6:10,A5,A,A5,A,12,8
3,297,5:43,5:46,red,6:00,C5,C,C5,C,3,14
3,298,5:50,5:53,blue,6:14,A5,A,A5,A,3,21
3,299,5:43,6:01,red,6:15,C5,C,C5,C,18,14
3,300,5:47,5:54,blue,6:09,A5,A,A5,A,7,15
4,1,2:48,3:07,red,3:26,,A,C1,C,19,19
4,2,3:00,3:27,blue,3:39,,C,A1,A,27,12
4,3,2:49,3:21,red,3:37,,A,C1,C,32,16
4,4,2:57,3:03,red,3:18,,A,A1,A,6,15
4,5,2:50,2:58,blue,3:18,,C,C1,C,8,20
4,6,2:41,2:50,red,3:07,,A,A1,A,9,17
4,7,2:48,3:06,red,3:24,,A,C1,C,18,18
4,8,2:58,3:56,red,4:14,,A,A1,A,58,18
4,9,2:47,2:52,red,3:09,,A,C1,C,5,17
4,10,2:43,3:01,red,3:18,,A,A1,A,18,17
4,11,2:49,2:59,blue,3:18,,C,C1,C,10,19
4,12,2:40,3:40,blue,3:52,,C,A1,A,0,12
4,13,2:56,3:26,red,3:49,,A,C1,C,30,23
4,14,2:40,2:54,red,3:19,,A,A1,A,14,25
4,15,2:47,3:02,blue,3:18,,C,C1,C,15,16
4,16,2:40,2:50,red,3:03,,A,A1,A,10,13
4,17,2:47,3:08,blue,3:29,,C,C1,C,21,21
4,18,2:59,3:45,red,4:10,,A,A1,A,46,25
4,19,2:50,3:31,red,3:56,,A,C1,C,41,25
4,20,2:58,3:41,red,3:55,,A,A1,A,43,14
4,21,2:58,3:34,red,3:59,,A,C1,C,36,25
4,22,2:42,2:53,blue,3:07,,C,A1,A,11,14
4,23,2:48,2:54,red,3:19,,A,C1,C,6,25
4,24,3:00,3:42,blue,3:56,,C,A1,A,42,14
4,25,2:50,2:53,blue,3:17,,C,C1,C,3,24
4,26,2:58,3:02,blue,3:23,,C,A1,A,4,21
4,27,2:50,2:55,blue,3:10,,C,C1,C,5,15
4,28,2:57,3:08,red,3:24,,A,A1,A,11,16
4,29,2:50,NA,NA,NA,,NA,C1,C,NA,NA
4,30,2:40,3:34,red,3:47,,A,A1,A,54,13
4,31,2:50,3:16,red,3:36,,A,C1,C,26,20
4,32,2:42,2:45,blue,2:57,,C,A1,A,3,12
4,33,2:57,3:02,blue,3:18,,C,C1,C,5,16
4,34,2:42,NA,NA,NA,,NA,A1,A,NA,NA
4,35,2:57,3:07,blue,3:26,,C,C1,C,10,19
4,36,2:40,2:50,blue,3:02,,C,A1,A,10,12
4,37,2:57,3:33,blue,3:50,,C,C1,C,36,17
4,38,2:41,2:51,red,3:10,,A,A1,A,10,19
4,39,2:58,3:10,red,3:27,,A,C1,C,12,17
4,40,2:41,2:50,red,3:08,,A,A1,A,9,18
4,41,2:57,3:16,red,3:36,,A,C1,C,19,20
4,42,2:43,3:01,red,3:21,,A,A1,A,18,20
4,43,2:55,3:39,red,3:56,,A,C1,C,44,17
4,44,2:47,2:58,blue,3:12,,C,A1,A,11,14
4,45,2:56,3:01,red,3:20,,A,C1,C,5,19
4,46,2:46,3:00,blue,3:13,,C,A1,A,14,13
4,47,2:56,3:23,blue,3:43,,C,C1,C,27,20
4,48,2:46,2:58,red,3:15,,A,A1,A,12,17
4,49,2:55,3:00,red,3:17,,A,C1,C,5,17
4,50,2:43,2:59,blue,3:10,,C,A1,A,16,11
4,51,3:06,3:11,red,3:23,,C,C1,C,5,12
4,52,3:06,3:34,blue,3:54,,A,A1,A,28,20
4,53,3:05,3:17,blue,3:37,,A,C1,C,12,20
4,54,3:05,3:22,red,3:37,,C,A1,A,17,15
4,55,3:06,3:13,red,3:33,,C,C1,C,7,20
4,56,3:05,3:16,blue,3:32,,A,A1,A,11,16
4,57,3:06,3:17,blue,3:31,,A,C1,C,11,14
4,58,3:11,3:50,blue,4:09,,A,A1,A,39,19
4,59,3:06,NA,NA,NA,,NA,C1,C,NA,NA
4,60,3:19,3:56,blue,4:11,,A,A1,A,37,15
4,61,3:06,3:13,blue,3:38,,A,C1,C,7,25
4,62,3:05,3:11,red,3:25,,C,A1,A,6,14
4,63,3:05,3:09,blue,3:24,,A,C1,C,4,15
4,64,3:05,3:14,red,3:22,,C,A1,A,9,8
4,65,3:12,3:29,blue,3:50,,A,C1,C,17,21
4,66,3:05,3:24,red,3:37,,C,A1,A,19,13
4,67,3:17,3:23,red,3:41,,C,C1,C,6,18
4,68,3:13,3:59,blue,4:20,,A,A1,A,46,21
4,69,3:17,3:31,red,3:48,,C,C1,C,14,17
4,70,3:13,3:53,blue,4:13,,A,A1,A,40,20
4,71,3:18,4:12,red,4:31,,C,C1,C,54,19
4,72,3:13,3:41,blue,4:03,,A,A1,A,28,22
4,73,3:13,3:20,red,3:37,,C,C1,C,7,17
4,74,3:17,3:52,blue,4:13,,A,A1,A,35,21
4,75,3:11,3:53,blue,4:15,,A,C1,C,42,22
4,76,3:18,3:37,blue,3:57,,A,A1,A,19,20
4,77,3:10,3:14,red,3:33,,C,C1,C,4,19
4,78,3:18,3:28,blue,3:43,,A,A1,A,10,15
4,79,3:10,3:23,red,3:42,,C,C1,C,13,19
4,80,3:06,3:27,red,3:40,,C,A1,A,21,13
4,81,3:22,3:30,red,3:55,,C,C1,C,8,25
4,82,3:10,3:41,red,4:01,,C,A1,A,31,20
4,83,3:22,3:42,blue,4:00,,A,C1,C,20,18
4,84,3:11,3:22,red,3:41,,C,A1,A,11,19
4,85,3:22,3:38,blue,3:55,,A,C1,C,16,17
4,86,3:11,3:21,blue,3:32,,A,A1,A,10,11
4,87,3:22,3:27,red,3:40,,C,C1,C,5,13
4,88,3:18,4:08,blue,4:23,,A,A1,A,50,15
4,89,3:18,3:25,red,3:44,,C,C1,C,7,19
4,90,3:18,3:26,blue,3:43,,A,A1,A,8,17
4,91,3:18,3:31,blue,3:52,,A,C1,C,13,21
4,92,3:19,3:35,blue,3:53,,A,A1,A,16,18
4,93,3:18,3:26,red,3:43,,C,C1,C,8,17
4,94,3:22,3:58,blue,4:18,,A,A1,A,36,20
4,95,3:13,3:33,red,3:54,,C,C1,C,20,21
4,96,3:22,3:25,red,3:36,,C,A1,A,3,11
4,97,3:13,3:33,red,3:59,,C,C1,C,20,26
4,98,3:22,4:03,red,4:10,,C,A1,A,41,7
4,99,3:12,3:19,blue,3:32,,A,C1,C,7,13
4,100,3:23,3:29,red,3:42,,C,A1,A,6,13
4,101,3:28,3:41,blue,3:54,,C,C3,C,13,13
4,102,3:28,4:28,red,4:45,,A,A3,A,0,17
4,103,3:28,3:54,red,4:08,,A,C3,C,26,14
4,104,3:28,4:32,red,4:53,,A,A3,A,4,21
4,105,3:30,NA,NA,NA,,NA,C3,C,NA,NA
4,106,3:29,3:34,blue,3:45,,C,A3,A,5,11
4,107,3:30,3:46,blue,4:07,,C,C3,C,16,21
4,108,3:29,4:14,red,4:32,,A,A3,A,45,18
4,109,3:36,3:39,blue,3:54,,C,C3,C,3,15
4,110,3:30,NA,NA,NA,,NA,A3,A,NA,NA
4,111,3:36,3:55,red,4:09,,A,C3,C,19,14
4,112,3:30,4:03,red,4:20,,A,A3,A,33,17
4,114,3:30,3:41,blue,3:57,,C,C3,C,11,16
4,115,3:30,NA,NA,NA,,NA,A3,A,NA,NA
4,115,3:36,3:44,blue,4:03,,C,C3,C,8,19
4,116,3:36,3:50,red,4:07,,A,A3,A,14,17
4,117,3:29,3:35,red,3:48,,A,C3,C,6,13
4,118,3:36,NA,NA,NA,,NA,A3,A,NA,NA
4,119,3:28,3:57,red,4:07,,A,C3,C,29,10
4,120,3:44,4:00,red,4:12,,A,A3,A,16,12
4,121,3:49,4:02,red,4:18,,A,C3,C,13,16
4,122,3:49,3:58,blue,4:13,,C,A3,A,9,15
4,123,3:44,3:52,blue,4:12,,C,C3,C,8,20
4,124,3:37,NA,NA,NA,,NA,A3,A,NA,NA
4,125,3:49,4:02,blue,4:26,,C,C3,C,13,24
4,126,3:49,4:47,blue,4:57,,C,A3,A,58,10
4,127,3:44,3:59,red,4:07,,A,C3,C,15,8
4,128,3:45,3:53,red,4:04,,A,A3,A,8,11
4,129,3:40,3:42,blue,4:03,,C,C3,C,2,21
4,130,3:38,4:35,red,4:49,,A,A3,A,57,14
4,131,3:44,3:54,red,4:07,,A,C3,C,10,13
4,132,3:40,4:05,red,4:25,,A,A3,A,25,20
4,133,3:39,3:43,blue,3:54,,C,C3,C,4,11
4,134,3:44,3:48,blue,4:00,,C,A3,A,4,12
4,135,3:44,3:51,red,4:03,,A,C3,C,7,12
4,136,3:45,3:57,red,4:12,,A,A3,A,12,15
4,137,3:37,3:59,red,4:18,,A,C3,C,22,19
4,138,3:45,4:01,blue,4:15,,C,A3,A,16,14
4,139,3:36,3:43,blue,4:07,,C,C3,C,7,24
4,140,3:45,3:58,blue,4:13,,C,A3,A,13,15
4,141,3:49,3:57,red,4:12,,A,C3,C,8,15
4,142,3:49,3:53,red,4:06,,A,A3,A,4,13
4,143,3:44,3:51,red,4:01,,A,C3,C,7,10
4,144,3:49,4:00,blue,4:10,,C,A3,A,11,10
4,145,3:50,3:57,blue,4:11,,C,C3,C,7,14
4,146,3:49,3:55,blue,4:05,,C,A3,A,6,10
4,147,3:45,3:55,red,4:16,,A,C3,C,10,21
4,148,3:49,3:59,red,4:16,,A,A3,A,10,17
4,149,3:45,3:55,blue,4:10,,C,C3,C,10,15
4,150,3:35,3:46,red,4:13,,A,A3,A,11,27
4,151,4:01,4:16,red,4:31,,C,C3,C,15,15
4,152,4:02,4:10,red,4:29,,C,A3,A,8,19
4,153,4:01,4:24,blue,4:36,,A,C3,C,23,12
4,154,NA,NA,NA,NA,,NA,A3,A,NA,NA
4,154,4:12,4:23,red,4:40,,C,C3,C,11,17
4,155,4:00,4:20,red,4:44,,C,A3,A,20,24
4,156,4:00,4:14,blue,4:32,,A,C3,C,14,18
4,157,4:01,4:12,blue,4:26,,A,A3,A,11,14
4,158,4:00,4:08,red,4:23,,C,C3,C,8,15
4,159,4:00,4:05,blue,4:18,,A,A3,A,5,13
4,161,4:02,NA,NA,NA,,NA,C3,C,NA,NA
4,162,4:08,4:40,blue,4:55,,A,A3,A,32,15
4,163,4:01,NA,NA,NA,,NA,C3,C,NA,NA
4,164,4:08,4:26,blue,4:42,,A,A3,A,18,16
4,165,4:01,4:10,red,4:23,,C,C3,C,9,13
4,166,4:16,4:33,red,4:46,,C,A3,A,17,13
4,167,4:03,4:10,blue,4:27,,A,C3,C,7,17
4,168,4:16,4:19,blue,4:31,,A,A3,A,3,12
4,169,4:03,4:20,red,4:34,,C,C3,C,17,14
4,170,4:17,4:27,blue,4:47,,A,A3,A,10,20
4,171,4:06,4:17,blue,4:31,,A,C3,C,11,14
4,172,4:17,NA,NA,NA,,NA,A3,A,NA,NA
4,173,4:08,4:18,blue,4:35,,A,C3,C,10,17
4,174,4:17,4:25,blue,4:40,,A,A3,A,8,15
4,175,4:06,5:05,red,5:21,,C,C3,C,59,16
4,176,4:17,4:27,blue,4:49,,A,A3,A,10,22
4,177,4:06,4:13,red,4:29,,C,C3,C,7,16
4,178,4:18,NA,NA,NA,,NA,A3,A,NA,NA
4,179,4:16,4:50,red,5:02,,C,C3,C,34,12
4,180,4:17,4:26,red,4:35,,C,A3,A,9,9
4,181,4:16,4:21,red,4:39,,C,C3,C,5,18
4,182,4:08,4:13,blue,4:23,,A,A3,A,5,10
4,183,4:08,4:14,red,4:39,,C,C3,C,6,25
4,184,4:08,4:39,blue,4:50,,A,A3,A,31,11
4,185,4:08,4:21,red,4:42,,C,C3,C,13,21
4,186,4:18,NA,NA,5:36,,NA,A3,A,NA,NA
4,187,4:16,4:35,blue,4:47,,A,C3,C,19,12
4,188,4:18,4:52,blue,5:12,,A,A3,A,34,20
4,189,4:18,4:36,blue,4:54,,A,C3,C,18,18
4,190,4:23,4:40,blue,4:53,,A,A3,A,17,13
4,191,4:18,4:33,red,4:52,,C,C3,C,15,19
4,192,4:28,5:27,blue,5:42,,A,A3,A,59,15
4,193,4:22,4:40,red,4:55,,C,C3,C,18,15
4,194,4:23,4:33,red,4:56,,C,A3,A,10,23
4,195,NA,NA,NA,NA,,NA,C3,C,NA,NA
4,196,NA,NA,NA,NA,,NA,A3,A,NA,NA
4,197,4:08,NA,NA,NA,,NA,C3,C,NA,NA
4,198,4:22,4:46,blue,5:06,,A,A3,A,24,20
4,199,4:06,4:51,red,5:13,,C,C3,C,45,22
4,200,4:22,4:47,blue,5:00,,A,A3,A,25,13
4,201,4:29,4:50,red,5:06,,A,C5,C,21,16
4,202,4:35,5:08,red,5:25,,A,A5,A,33,17
4,203,4:29,4:41,blue,5:04,,C,C5,C,12,23
4,204,4:36,4:47,red,4:59,,A,A5,A,11,12
4,205,4:29,4:34,blue,4:56,,C,C5,C,5,22
4,206,4:43,4:56,red,5:12,,A,A5,A,13,16
4,207,4:29,4:46,red,5:03,,A,C5,C,17,17
4,208,4:42,NA,NA,NA,,NA,A5,A,NA,NA
4,209,4:30,4:48,blue,5:08,,C,C5,C,18,20
4,210,4:44,4:59,red,5:19,,A,A5,A,15,20
4,211,4:30,4:42,red,4:59,,A,C5,C,12,17
4,212,4:43,5:03,red,5:24,,A,A5,A,20,21
4,213,4:35,4:59,red,5:12,,A,C5,C,24,13
4,214,4:30,4:41,red,4:53,,A,A5,A,11,12
4,215,4:36,5:43,blue,6:07,,C,C5,C,7,24
4,216,4:29,4:35,blue,4:47,,C,A5,A,6,12
4,217,4:37,5:04,blue,5:24,,C,C5,C,27,20
4,218,4:29,4:32,blue,4:49,,C,A5,A,3,17
4,219,4:36,5:05,blue,5:22,,C,C5,C,29,17
4,220,4:29,4:35,red,4:55,,A,A5,A,6,20
4,221,4:30,4:42,red,5:05,,A,C5,C,12,23
4,222,4:42,4:56,red,5:15,,A,A5,A,14,19
4,223,4:36,NA,NA,NA,,NA,C5,C,NA,NA
4,224,4:47,5:01,red,5:22,,A,A5,A,14,21
4,225,4:37,4:46,red,5:01,,A,C5,C,9,15
4,226,4:47,5:07,red,5:23,,A,A5,A,20,16
4,227,4:37,4:53,red,5:10,,A,C5,C,16,17
4,228,4:47,4:54,red,5:19,,A,A5,A,7,25
4,229,4:43,NA,NA,NA,,NA,C5,C,NA,NA
4,230,4:44,4:51,red,5:06,,A,A5,A,7,15
4,231,4:43,5:35,red,6:02,,A,C5,C,52,27
4,232,4:43,5:12,blue,5:29,,C,A5,A,29,17
4,233,4:43,4:55,blue,5:12,,C,C5,C,12,17
4,234,4:36,4:41,red,4:56,,A,A5,A,5,15
4,235,4:48,5:20,red,5:36,,A,C5,C,32,16
4,236,4:36,4:54,red,5:14,,A,A5,A,18,20
4,237,4:48,5:01,blue,5:17,,C,C5,C,13,16
4,238,4:30,4:44,red,5:01,,A,A5,A,14,17
4,239,4:48,5:08,red,5:18,,A,C5,C,20,10
4,240,4:31,4:44,red,4:55,,A,A5,A,13,11
4,241,4:34,4:40,blue,4:55,,C,C5,C,6,15
4,242,4:42,5:02,red,5:19,,A,A5,A,20,17
4,243,4:36,4:58,red,5:04,,A,C5,C,22,6
4,244,4:47,5:25,red,5:40,,A,A5,A,38,15
4,245,4:37,4:44,blue,5:00,,C,C5,C,7,16
4,246,4:48,4:59,blue,5:13,,C,A5,A,11,14
4,247,4:42,4:48,blue,5:07,,C,C5,C,6,19
4,248,4:48,4:51,red,5:04,,A,A5,A,3,13
4,249,4:42,5:34,red,5:50,,A,C5,C,52,16
4,250,4:44,4:54,red,5:21,,A,A5,A,10,27
4,251,NA,NA,NA,NA,,NA,C5,C,NA,NA
4,252,4:58,5:01,red,5:13,,C,A5,A,3,12
4,253,5:00,5:17,blue,5:36,,A,C5,C,17,19
4,254,4:57,5:10,blue,5:26,,A,A5,A,13,16
4,255,5:12,5:20,blue,5:40,,A,C5,C,8,20
4,256,5:11,5:45,red,6:06,,C,A5,A,34,21
4,257,NA,NA,NA,NA,,NA,C5,C,NA,NA
4,258,4:57,5:06,red,5:21,,C,A5,A,9,15
4,259,5:07,5:51,blue,6:08,,A,C5,C,44,17
4,260,5:00,5:09,red,5:24,,C,A5,A,9,15
4,261,5:11,5:34,blue,5:49,,A,C5,C,23,15
4,262,5:00,5:30,red,5:46,,C,A5,A,30,16
4,263,5:10,5:13,blue,5:21,,A,C5,C,3,8
4,264,5:00,5:18,red,5:37,,C,A5,A,18,19
4,265,5:12,5:43,blue,6:05,,A,C5,C,31,22
4,266,5:00,5:31,red,5:48,,C,A5,A,31,17
4,267,5:18,5:49,blue,6:10,,A,C5,C,31,21
4,268,5:13,NA,NA,NA,,NA,A5,A,NA,NA
4,269,5:15,5:20,red,5:36,,C,C5,C,5,16
4,270,5:18,5:27,red,5:38,,C,A5,A,9,11
4,271,5:23,5:34,blue,5:49,,A,C5,C,11,15
4,272,5:18,5:26,red,5:36,,C,A5,A,8,10
4,273,NA,NA,NA,NA,,NA,C5,C,NA,NA
4,274,5:19,5:25,blue,5:41,,A,A5,A,6,16
4,275,5:13,5:26,blue,5:40,,A,C5,C,13,14
4,276,5:20,5:42,blue,5:55,,A,A5,A,22,13
4,277,5:00,5:04,red,5:19,,C,C5,C,4,15
4,278,5:20,5:36,red,5:46,,C,A5,A,16,10
4,279,4:59,NA,NA,NA,,NA,C5,C,NA,NA
4,280,5:23,5:31,red,5:48,,C,A5,A,8,17
4,281,5:12,5:17,blue,5:32,,A,C5,C,5,15
4,282,5:01,NA,NA,NA,,NA,A5,A,NA,NA
4,283,5:10,5:41,red,6:01,,C,C5,C,31,20
4,284,5:13,5:22,blue,5:33,,A,A5,A,9,11
4,285,5:13,5:26,red,5:37,,C,C5,C,13,11
4,286,5:13,5:18,blue,5:31,,A,A5,A,5,13
4,287,5:23,5:36,red,5:58,,C,C5,C,13,22
4,288,5:18,5:44,blue,6:00,,A,A5,A,26,16
4,289,5:20,5:31,red,5:45,,C,C5,C,11,14
4,290,5:18,5:28,blue,5:40,,A,A5,A,10,12
4,291,5:23,5:38,blue,5:54,,A,C5,C,15,16
4,292,5:19,NA,NA,NA,,NA,A5,A,NA,NA
4,293,5:23,5:32,red,5:48,,C,C5,C,9,16
4,294,5:20,5:42,red,5:55,,C,A5,A,22,13
4,295,5:23,5:41,red,5:54,,C,C5,C,18,13
4,296,5:20,5:23,red,5:33,,C,A5,A,3,10
4,297,5:01,5:38,red,5:53,,C,C5,C,37,15
4,298,5:23,6:02,blue,6:24,,A,A5,A,39,22
4,299,5:01,5:06,red,5:24,,C,C5,C,5,18
4,300,5:23,NA,NA,NA,,NA,A5,A,NA,NA